[{"name":"Abilene Christian","url":"abilene-christian"},{"name":"Alfred State","url":"alfred-st"},{"name":"Auburn-Montgomery","url":"aub-montgomery"},{"name":"Azusa Pacific","url":"azusa-pacific"},{"name":"Bryn Athyn","url":"bryn-athyn"},{"name":"Cal State-San Marcos","url":"cal-st-san-marcos"},{"name":"Concordia University-Irvine","url":"concordia-irvine"},{"name":"Concordia University-Portland","url":"concordia-or"},{"name":"Daemen","url":"daemen"},{"name":"Embry-Riddle Aeronautical University","url":"embry-riddle-fl"},{"name":"Emmanuel (Ga.)","url":"emmanuel-ga"},{"name":"Fresno Pacific","url":"fresno-pacific"},{"name":"Holy Names","url":"holy-names"},{"name":"Houghton","url":"houghton"},{"name":"Illinois Tech","url":"iit"},{"name":"Iowa Wesleyan","url":"iowa-wesleyan"},{"name":"Lee ","url":"lee"},{"name":"Lubbock Christian","url":"lubbock-christian"},{"name":"Northwestern Oklahoma","url":"northwestern-okla"},{"name":"Oklahoma Baptist University","url":"okla-baptist"},{"name":"Oklahoma Christian","url":"okla-christian"},{"name":"Penn College","url":"penn-tech"},{"name":"Point Loma","url":"point-loma"},{"name":"Roberts Wesleyan","url":"roberts-wesleyan"},{"name":"Rogers State","url":"rogers-st"},{"name":"Sarah Lawrence","url":"sarah-lawrence"},{"name":"Shorter","url":"shorter"},{"name":"Southern Nazarene","url":"southern-nazarene"},{"name":"Southern Virginia","url":"southern-va"},{"name":"Southern Wesleyan","url":"southern-wesleyan"},{"name":"Spring Hill","url":"spring-hill"},{"name":"St. Cloud","url":"St. Cloud"},{"name":"SUNY Canton","url":"suny-canton"},{"name":"Trevecca Nazarene","url":"trevecca-nazarene"},{"name":"Union (Tenn.)","url":"union-tn"},{"name":"Virginia-Wise","url":"uva-wise"},{"name":"Valley Forge","url":"valley-forge-chrst"},{"name":"Westminster College","url":"westminster-ut"},{"name":"Wisconsin-Eau Claire","url":"Wisconsin-Eau Claire"},{"name":"Wisconsin-La Crosse","url":"Wisconsin-La Crosse"},{"name":"WVU","url":"WVU"},{"name":"Young Harris","url":"young-harris"},{"name":"Academy of Art","url":"academy-of-art"},{"name":"Adams St.","url":"adams-st"},{"name":"Adelphi","url":"adelphi"},{"name":"Adrian","url":"adrian"},{"name":"Agnes Scott","url":"agnes-scott"},{"name":"Air Force","url":"air-force"},{"name":"Akron","url":"akron"},{"name":"Alabama-Huntsville","url":"ala-huntsville"},{"name":"Alabama","url":"alabama"},{"name":"Alabama A&M","url":"alabama-am"},{"name":"Alabama St.","url":"alabama-st"},{"name":"Alas. Anchorage","url":"alas-anchorage"},{"name":"Alas. Fairbanks","url":"alas-fairbanks"},{"name":"Albany (NY)","url":"albany-ny"},{"name":"Albany St. (GA)","url":"albany-st-ga"},{"name":"Albertus Magnus","url":"albertus-magnus"},{"name":"Albion","url":"albion"},{"name":"Albright","url":"albright"},{"name":"Alcorn St.","url":"alcorn"},{"name":"Alderson Broaddus","url":"alderson-broaddus"},{"name":"Alfred","url":"alfred"},{"name":"Allegheny","url":"allegheny"},{"name":"Alma","url":"alma"},{"name":"Alvernia","url":"alvernia"},{"name":"Alverno","url":"alverno"},{"name":"Texas-Am-Corpus ","url":"am-corpus-chris"},{"name":"American","url":"american"},{"name":"American Int'l","url":"american-intl"},{"name":"American (PR)","url":"american-pr"},{"name":"Amherst","url":"amherst"},{"name":"Anderson (IN)","url":"anderson-in"},{"name":"Anderson (SC)","url":"anderson-sc"},{"name":"Angelo St.","url":"angelo-st"},{"name":"Anna Maria","url":"anna-maria"},{"name":"Appalachian St.","url":"appalachian-st"},{"name":"Arcadia","url":"arcadia"},{"name":"Arizona","url":"arizona"},{"name":"Arizona St.","url":"arizona-st"},{"name":"Ark. - Fort Smith","url":"ark-fort-smith"},{"name":"Ark.-Monticello","url":"ark-monticello"},{"name":"Ark.-Pine Bluff","url":"ark-pine-bluff"},{"name":"Arkansas","url":"arkansas"},{"name":"Arkansas St.","url":"arkansas-st"},{"name":"Arkansas Tech","url":"arkansas-tech"},{"name":"Armstrong","url":"armstrong"},{"name":"Army","url":"army"},{"name":"Ashland","url":"ashland"},{"name":"Assumption","url":"assumption"},{"name":"Auburn","url":"auburn"},{"name":"Augsburg","url":"augsburg"},{"name":"Augusta University ","url":"gru-augusta"},{"name":"Augustana (IL)","url":"augustana-il"},{"name":"Augustana (SD)","url":"augustana-sd"},{"name":"Aurora","url":"aurora"},{"name":"Austin","url":"austin"},{"name":"Austin Peay","url":"austin-peay"},{"name":"Averett","url":"averett"},{"name":"Babson","url":"babson"},{"name":"Baldwin Wallace","url":"baldwin-wallace"},{"name":"Ball St.","url":"ball-st"},{"name":"Summit University of Pennsylvania","url":"baptist-bible-pa"},{"name":"Bard","url":"bard"},{"name":"Barry","url":"barry"},{"name":"Barton","url":"barton"},{"name":"Baruch","url":"baruch"},{"name":"Bates","url":"bates"},{"name":"Bay Path","url":"bay-path"},{"name":"Baylor","url":"baylor"},{"name":"Becker","url":"becker"},{"name":"Bellarmine","url":"bellarmine"},{"name":"Belmont","url":"belmont"},{"name":"Belmont Abbey","url":"belmont-abbey"},{"name":"Beloit","url":"beloit"},{"name":"Bemidji St.","url":"bemidji-st"},{"name":"Benedict","url":"benedict"},{"name":"Benedictine (IL)","url":"benedictine-il"},{"name":"Bentley","url":"bentley"},{"name":"Berry","url":"berry"},{"name":"Bethany Lutheran","url":"bethany-lutheran"},{"name":"Bethany (WV)","url":"bethany-wv"},{"name":"Bethel (MN)","url":"bethel-mn"},{"name":"Bethune-Cookman","url":"bethune-cookman"},{"name":"Binghamton","url":"binghamton"},{"name":"Birmingham-So.","url":"birmingham-so"},{"name":"Black Hills St.","url":"black-hills-st"},{"name":"Blackburn","url":"blackburn"},{"name":"Bloomfield","url":"bloomfield"},{"name":"Bloomsburg","url":"bloomsburg"},{"name":"Bluefield St.","url":"bluefield-st"},{"name":"Bluffton","url":"bluffton"},{"name":"Boise St.","url":"boise-st"},{"name":"Boston College","url":"boston-college"},{"name":"Boston U.","url":"boston-u"},{"name":"Bowdoin","url":"bowdoin"},{"name":"Bowie St.","url":"bowie-st"},{"name":"Bowling Green","url":"bowling-green"},{"name":"Bradley","url":"bradley"},{"name":"Brandeis","url":"brandeis"},{"name":"Brevard","url":"brevard"},{"name":"Bridgeport","url":"bridgeport"},{"name":"Bridgewater St.","url":"bridgewater-st"},{"name":"Bridgewater (VA)","url":"bridgewater-va"},{"name":"Brockport","url":"brockport"},{"name":"Brooklyn","url":"brooklyn"},{"name":"Brown","url":"brown"},{"name":"Bryant","url":"bryant"},{"name":"Bryn Mawr","url":"bryn-mawr"},{"name":"Bucknell","url":"bucknell"},{"name":"Buena Vista","url":"buena-vista"},{"name":"Buffalo","url":"buffalo"},{"name":"Buffalo St.","url":"buffalo-st"},{"name":"Butler","url":"butler"},{"name":"BYU","url":"byu"},{"name":"BYU-Hawaii","url":"byu-hawaii"},{"name":"Cabrini","url":"cabrini"},{"name":"Cal Baptist","url":"california-baptist"},{"name":"Cal Lutheran","url":"cal-lutheran"},{"name":"Cal Poly","url":"cal-poly"},{"name":"Cal Poly Pomona","url":"cal-poly-pomona"},{"name":"CSU Bakersfield","url":"bakersfield"},{"name":"Chico State","url":"chico-st"},{"name":"Cal St. Dom. Hills","url":"cal-st-dom-hills"},{"name":"Cal St. East Bay","url":"cal-st-east-bay"},{"name":"Cal St. Fullerton","url":"cal-st-fullerton"},{"name":"Cal St. L.A.","url":"cal-st-la"},{"name":"Cal St. Monterey Bay","url":"cal-st-monterey-bay"},{"name":"Cal St. Northridge","url":"cal-st-northridge"},{"name":"Cal St. San B'dino","url":"cal-st-san-bdino"},{"name":"Cal St. Stanislaus","url":"cal-st-stanislaus"},{"name":"Caldwell","url":"caldwell"},{"name":"California","url":"california"},{"name":"California (PA)","url":"california-pa"},{"name":"Caltech","url":"caltech"},{"name":"Calvin","url":"calvin"},{"name":"Cameron","url":"cameron"},{"name":"Campbell","url":"campbell"},{"name":"Canisius","url":"canisius"},{"name":"Capital","url":"capital"},{"name":"Carleton","url":"carleton"},{"name":"Carnegie Mellon","url":"carnegie-mellon"},{"name":"Carroll (WI)","url":"carroll-wi"},{"name":"Carson-Newman","url":"carson-newman"},{"name":"Carthage","url":"carthage"},{"name":"Case","url":"case"},{"name":"Castleton","url":"castleton"},{"name":"Catawba","url":"catawba"},{"name":"Catholic","url":"catholic"},{"name":"Cazenovia","url":"cazenovia"},{"name":"CCNY","url":"ccny"},{"name":"Cedar Crest","url":"cedar-crest"},{"name":"Cedarville","url":"cedarville"},{"name":"Centenary (LA)","url":"centenary-la"},{"name":"Centenary (NJ)","url":"centenary-nj"},{"name":"Central Ark.","url":"central-ark"},{"name":"Central Conn. St.","url":"central-conn-st"},{"name":"Central (IA)","url":"central-ia"},{"name":"Central Mich.","url":"central-mich"},{"name":"Central Mo.","url":"central-mo"},{"name":"Central Okla.","url":"central-okla"},{"name":"Central St. (OH)","url":"central-st-oh"},{"name":"Central Wash.","url":"central-wash"},{"name":"Centre","url":"centre"},{"name":"Chadron St.","url":"chadron-st"},{"name":"Chaminade","url":"chaminade"},{"name":"Chapman","url":"chapman"},{"name":"Charleston So.","url":"charleston-so"},{"name":"Charleston (WV)","url":"charleston-wv"},{"name":"Charlotte","url":"charlotte"},{"name":"Chatham","url":"chatham"},{"name":"Tenn-Chattanooga ","url":"chattanooga"},{"name":"Chestnut Hill","url":"chestnut-hill"},{"name":"Cheyney","url":"cheyney"},{"name":"Chicago","url":"chicago"},{"name":"Chicago St.","url":"chicago-st"},{"name":"Chowan","url":"chowan"},{"name":"Chris. Newport","url":"chris-newport"},{"name":"Christian Bros.","url":"christian-bros"},{"name":"Cincinnati","url":"cincinnati"},{"name":"Citadel","url":"citadel"},{"name":"New-York-City-Tech","url":"city-tech"},{"name":"Claflin","url":"claflin"},{"name":"Claremont-M-S","url":"claremont-m-s"},{"name":"Clarion","url":"clarion"},{"name":"Clark Atlanta","url":"clark-atlanta"},{"name":"Clark (MA)","url":"clark-ma"},{"name":"Clarke","url":"clarke"},{"name":"Clarkson","url":"clarkson"},{"name":"Clayton St.","url":"clayton-st"},{"name":"Clemson","url":"clemson"},{"name":"Cleveland St.","url":"cleveland-st"},{"name":"Coast Guard","url":"coast-guard"},{"name":"Coastal Caro.","url":"coastal-caro"},{"name":"Suny-Cobleskill ","url":"cobleskill-st"},{"name":"Coe","url":"coe"},{"name":"Coker","url":"coker"},{"name":"Col. of Charleston","url":"col-of-charleston"},{"name":"Colby","url":"colby"},{"name":"Colby-Sawyer","url":"colby-sawyer"},{"name":"Colgate","url":"colgate"},{"name":"Colo. Christian","url":"colo-christian"},{"name":"Colorado","url":"colorado"},{"name":"Colorado Col.","url":"colorado-col"},{"name":"Colorado Mesa","url":"colorado-mesa"},{"name":"Colorado Mines","url":"colorado-mines"},{"name":"Colorado St.","url":"colorado-st"},{"name":"Colorado St.-Pueblo","url":"colorado-st-pueblo"},{"name":"Columbia","url":"columbia"},{"name":"Columbus St.","url":"columbus-st"},{"name":"Concord","url":"concord"},{"name":"Concordia Chicago","url":"concordia-chicago"},{"name":"Concordia-M'head","url":"concordia-mhead"},{"name":"Concordia (NY)","url":"concordia-ny"},{"name":"Concordia-St. Paul","url":"concordia-st-paul"},{"name":"Concordia (TX)","url":"concordia-tx"},{"name":"Concordia (Wis.)","url":"concordia-wi"},{"name":"Connecticut","url":"uconn"},{"name":"Connecticut Col.","url":"connecticut-col"},{"name":"Converse","url":"converse"},{"name":"Coppin St.","url":"coppin-st"},{"name":"Cornell","url":"cornell"},{"name":"Cornell College","url":"cornell-college"},{"name":"Covenant","url":"covenant"},{"name":"Creighton","url":"creighton"},{"name":"Crown (MN)","url":"crown-mn"},{"name":"Curry","url":"curry"},{"name":"LIU Post","url":"liu-post"},{"name":"Dallas","url":"dallas"},{"name":"Dallas Baptist","url":"dallas-baptist"},{"name":"Daniel Webster","url":"daniel-webster"},{"name":"Dartmouth","url":"dartmouth"},{"name":"Davidson","url":"davidson"},{"name":"Davis & Elkins","url":"davis-elkins"},{"name":"Dayton","url":"dayton"},{"name":"Defiance","url":"defiance"},{"name":"Delaware","url":"delaware"},{"name":"Delaware St.","url":"delaware-st"},{"name":"Delaware Valley","url":"delaware-valley"},{"name":"Delta St.","url":"delta-st"},{"name":"Denison","url":"denison"},{"name":"Denver","url":"denver"},{"name":"DePaul","url":"depaul"},{"name":"DePauw","url":"depauw"},{"name":"DeSales","url":"desales"},{"name":"Detroit","url":"detroit"},{"name":"Dickinson","url":"dickinson"},{"name":"Dist. Columbia","url":"dist-columbia"},{"name":"Dixie St.","url":"dixie-st"},{"name":"Dominican (Cal.)","url":"dominican-ca"},{"name":"Dominican (IL)","url":"dominican-il"},{"name":"Dominican (NY)","url":"dominican-ny"},{"name":"Dowling","url":"dowling"},{"name":"Drake","url":"drake"},{"name":"Drew","url":"drew"},{"name":"Drexel","url":"drexel"},{"name":"Drury","url":"drury"},{"name":"Dubuque","url":"dubuque"},{"name":"Duke","url":"duke"},{"name":"Duquesne","url":"duquesne"},{"name":"D'Youville","url":"dyouville"},{"name":"Earlham","url":"earlham"},{"name":"East Carolina","url":"east-carolina"},{"name":"East Central","url":"east-central"},{"name":"East. Mennonite","url":"east-mennonite"},{"name":"East Stroudsburg","url":"east-stroudsburg"},{"name":"East Tenn. St.","url":"east-tenn-st"},{"name":"East Tex. Baptist","url":"east-tex-baptist"},{"name":"Eastern","url":"eastern"},{"name":"Eastern Conn. St.","url":"eastern-conn-st"},{"name":"Eastern Ill.","url":"eastern-ill"},{"name":"Eastern Ky.","url":"eastern-ky"},{"name":"Eastern Mich.","url":"eastern-mich"},{"name":"Eastern Nazarene","url":"eastern-nazarene"},{"name":"Eastern N.M.","url":"eastern-nm"},{"name":"Eastern Ore.","url":"eastern-ore"},{"name":"Eastern Wash.","url":"eastern-wash"},{"name":"Eckerd","url":"eckerd"},{"name":"Edgewood","url":"edgewood"},{"name":"Edinboro","url":"edinboro"},{"name":"Elizabeth City St.","url":"elizabeth-city-st"},{"name":"Elizabethtown","url":"elizabethtown"},{"name":"Elmhurst","url":"elmhurst"},{"name":"Elmira","url":"elmira"},{"name":"Elms","url":"elms"},{"name":"Elon","url":"elon"},{"name":"Emerson","url":"emerson"},{"name":"Emmanuel (Mass.)","url":"emmanuel-ma"},{"name":"Emory","url":"emory"},{"name":"Emory & Henry","url":"emory-henry"},{"name":"Emporia St.","url":"emporia-st"},{"name":"Endicott","url":"endicott"},{"name":"Erskine","url":"erskine"},{"name":"Eureka","url":"eureka"},{"name":"Evansville","url":"evansville"},{"name":"Evergreen St.","url":"evergreen-st"},{"name":"Fairfield","url":"fairfield"},{"name":"Fairleigh Dickinson","url":"fairleigh-dickinson"},{"name":"Fairmont St.","url":"fairmont-st"},{"name":"Farmingdale St.","url":"farmingdale-st"},{"name":"Fayetteville St.","url":"fayetteville-st"},{"name":"FDU-Florham","url":"fdu-florham"},{"name":"Felician","url":"felician"},{"name":"Ferris St.","url":"ferris-st"},{"name":"Ferrum","url":"ferrum"},{"name":"Findlay","url":"findlay"},{"name":"Finlandia","url":"finlandia"},{"name":"Fisk","url":"fisk"},{"name":"Fitchburg St.","url":"fitchburg-st"},{"name":"FIU","url":"fiu"},{"name":"Florida Atlantic","url":"fla-atlantic"},{"name":"FGCU","url":"fgcu"},{"name":"Fla. Southern","url":"fla-southern"},{"name":"Flagler","url":"flagler"},{"name":"Florida","url":"florida"},{"name":"Florida A&M","url":"florida-am"},{"name":"Florida St.","url":"florida-st"},{"name":"Florida Tech","url":"florida-tech"},{"name":"Fontbonne","url":"fontbonne"},{"name":"Fordham","url":"fordham"},{"name":"Fort Hays St.","url":"fort-hays-st"},{"name":"Fort Lewis","url":"fort-lewis"},{"name":"Fort Valley St.","url":"fort-valley-st"},{"name":"Framingham St.","url":"framingham-st"},{"name":"Francis Marion","url":"francis-marion"},{"name":"Franciscan","url":"franciscan"},{"name":"Frank. & Marsh.","url":"frank-marsh"},{"name":"Franklin","url":"franklin"},{"name":"Franklin Pierce","url":"franklin-pierce"},{"name":"Fredonia","url":"fredonia-st"},{"name":"Fresno St.","url":"fresno-st"},{"name":"Frostburg St.","url":"frostburg-st"},{"name":"Furman","url":"furman"},{"name":"Georgia Southern","url":"ga-southern"},{"name":"Ga. Southwestern","url":"ga-southwestern"},{"name":"Gallaudet","url":"gallaudet"},{"name":"Gannon","url":"gannon"},{"name":"Gardner-Webb","url":"gardner-webb"},{"name":"Geneva","url":"geneva"},{"name":"George Fox","url":"george-fox"},{"name":"George Mason","url":"george-mason"},{"name":"George Washington","url":"george-washington"},{"name":"Georgetown","url":"georgetown"},{"name":"Georgia","url":"georgia"},{"name":"Georgia College","url":"georgia-college"},{"name":"Georgia St.","url":"georgia-st"},{"name":"Georgia Tech","url":"georgia-tech"},{"name":"Georgian Court","url":"georgian-court"},{"name":"Gettysburg","url":"gettysburg"},{"name":"Glenville St.","url":"glenville-st"},{"name":"Goldey-Beacom","url":"goldey-beacom"},{"name":"Gonzaga","url":"gonzaga"},{"name":"Gordon","url":"gordon"},{"name":"Goucher","url":"goucher"},{"name":"Grambling","url":"grambling"},{"name":"Grand Canyon","url":"grand-canyon"},{"name":"Grand Valley St.","url":"grand-valley-st"},{"name":"Green Bay","url":"green-bay"},{"name":"Green Mountain","url":"green-mountain"},{"name":"Greensboro","url":"greensboro"},{"name":"Greenville","url":"greenville"},{"name":"Grinnell","url":"grinnell"},{"name":"Grove City","url":"grove-city"},{"name":"Guilford","url":"guilford"},{"name":"Gust. Adolphus","url":"gust-adolphus"},{"name":"Gwynedd-Mercy","url":"gwynedd-mercy"},{"name":"Hamilton","url":"hamilton"},{"name":"Hamline","url":"hamline"},{"name":"Hampden-Sydney","url":"hampden-sydney"},{"name":"Hampton","url":"hampton"},{"name":"Hanover","url":"hanover"},{"name":"Hardin-Simmons","url":"hardin-simmons"},{"name":"Harding","url":"harding"},{"name":"Hartford","url":"hartford"},{"name":"Hartwick","url":"hartwick"},{"name":"Harvard","url":"harvard"},{"name":"Haverford","url":"haverford"},{"name":"Hawaii","url":"hawaii"},{"name":"Hawaii Hilo","url":"hawaii-hilo"},{"name":"Hawaii Pacific","url":"hawaii-pacific"},{"name":"Heidelberg","url":"heidelberg"},{"name":"Henderson St.","url":"henderson-st"},{"name":"Hendrix","url":"hendrix"},{"name":"High Point","url":"high-point"},{"name":"Hilbert","url":"hilbert"},{"name":"Hillsdale","url":"hillsdale"},{"name":"Hiram","url":"hiram"},{"name":"Hobart","url":"hobart"},{"name":"Hofstra","url":"hofstra"},{"name":"Hollins","url":"hollins"},{"name":"Holy Cross","url":"holy-cross"},{"name":"Holy Family","url":"holy-family"},{"name":"Hood","url":"hood"},{"name":"Hope","url":"hope"},{"name":"Houston","url":"houston"},{"name":"Houston Baptist","url":"houston-baptist"},{"name":"Howard","url":"howard"},{"name":"Howard Payne","url":"howard-payne"},{"name":"Humboldt St.","url":"humboldt-st"},{"name":"Hunter","url":"hunter"},{"name":"Huntingdon","url":"huntingdon"},{"name":"Husson","url":"husson"},{"name":"Idaho","url":"idaho"},{"name":"Idaho St.","url":"idaho-st"},{"name":"Ill.- Springfield","url":"ill-springfield"},{"name":"Ill.-Chicago","url":"ill-chicago"},{"name":"Ill. Wesleyan","url":"ill-wesleyan"},{"name":"Illinois","url":"illinois"},{"name":"Illinois Col.","url":"illinois-col"},{"name":"Illinois St.","url":"illinois-st"},{"name":"Immaculata","url":"immaculata"},{"name":"Incarnate Word","url":"incarnate-word"},{"name":"Indiana","url":"indiana"},{"name":"Indiana (PA)","url":"indiana-pa"},{"name":"Indiana St.","url":"indiana-st"},{"name":"Indianapolis","url":"indianapolis"},{"name":"Iona","url":"iona"},{"name":"Iowa","url":"iowa"},{"name":"Iowa St.","url":"iowa-st"},{"name":"Fort Wayne ","url":"ipfw"},{"name":"Ithaca","url":"ithaca"},{"name":"IUPUI","url":"iupui"},{"name":"Jackson St.","url":"jackson-st"},{"name":"Jacksonville","url":"jacksonville"},{"name":"Jacksonville St.","url":"jacksonville-st"},{"name":"James Madison","url":"james-madison"},{"name":"John Carroll","url":"john-carroll"},{"name":"John Jay","url":"john-jay"},{"name":"Johns Hopkins","url":"johns-hopkins"},{"name":"Johnson & Wales (RI)","url":"johnson-wales-ri"},{"name":"Johnson C. Smith","url":"johnson-c-smith"},{"name":"Johnson St.","url":"johnson-st"},{"name":"Juniata","url":"juniata"},{"name":"Kalamazoo","url":"kalamazoo"},{"name":"Kansas","url":"kansas"},{"name":"Kansas St.","url":"kansas-st"},{"name":"Kean","url":"kean"},{"name":"Keene St.","url":"keene-st"},{"name":"Kennesaw St.","url":"kennesaw-st"},{"name":"Kent St.","url":"kent-st"},{"name":"Kentucky","url":"kentucky"},{"name":"Kentucky St.","url":"kentucky-st"},{"name":"Kenyon","url":"kenyon"},{"name":"Keuka","url":"keuka"},{"name":"Keystone","url":"keystone"},{"name":"King (TN)","url":"king-tn"},{"name":"King's (PA)","url":"kings-pa"},{"name":"Knox","url":"knox"},{"name":"Kutztown","url":"kutztown"},{"name":"Ky. Wesleyan","url":"ky-wesleyan"},{"name":"La.-Lafayette","url":"la-lafayette"},{"name":"La.-Monroe","url":"la-monroe"},{"name":"La Roche","url":"la-roche"},{"name":"La Salle","url":"la-salle"},{"name":"La Sierra","url":"la-sierra"},{"name":"La Verne","url":"la-verne"},{"name":"Lafayette","url":"lafayette"},{"name":"LaGrange","url":"lagrange"},{"name":"Lake Erie","url":"lake-erie"},{"name":"Lake Forest","url":"lake-forest"},{"name":"Lake Superior St.","url":"lake-superior-st"},{"name":"Lakeland","url":"lakeland"},{"name":"Lamar","url":"lamar"},{"name":"Lambuth","url":"lambuth"},{"name":"Lancaster Bible","url":"lancaster-bible"},{"name":"Lander","url":"lander"},{"name":"Lane","url":"lane"},{"name":"Langston","url":"langston"},{"name":"Lasell","url":"lasell"},{"name":"Lawrence","url":"lawrence"},{"name":"Le Moyne","url":"le-moyne"},{"name":"Lebanon Valley","url":"lebanon-valley"},{"name":"Lees-McRae","url":"lees-mcrae"},{"name":"Lehigh","url":"lehigh"},{"name":"Lehman","url":"lehman"},{"name":"LeMoyne-Owen","url":"lemoyne-owen"},{"name":"Lenoir-Rhyne","url":"lenoir-rhyne"},{"name":"Lesley","url":"lesley"},{"name":"LeTourneau","url":"letourneau"},{"name":"Lewis","url":"lewis"},{"name":"Lewis & Clark","url":"lewis-clark"},{"name":"Lewis-Clark St.","url":"lewis-clark-st"},{"name":"Liberty","url":"liberty"},{"name":"Limestone","url":"limestone"},{"name":"Lincoln Christian","url":"lincoln-christian"},{"name":"Lincoln Memorial","url":"lincoln-memorial"},{"name":"Lincoln (MO)","url":"lincoln-mo"},{"name":"Lincoln (PA)","url":"lincoln-pa"},{"name":"Lindenwood","url":"lindenwood-mo"},{"name":"Linfield","url":"linfield"},{"name":"Lipscomb","url":"lipscomb"},{"name":"Livingstone","url":"livingstone"},{"name":"Lock Haven","url":"lock-haven"},{"name":"Long Beach St.","url":"long-beach-st"},{"name":"Long Island","url":"liu-brooklyn"},{"name":"Longwood","url":"longwood"},{"name":"Loras","url":"loras"},{"name":"Louisiana Col.","url":"louisiana-col"},{"name":"Louisiana Tech","url":"louisiana-tech"},{"name":"Louisville","url":"louisville"},{"name":"Loyola (IL)","url":"loyola-chicago"},{"name":"Loyola Maryland","url":"loyola-maryland"},{"name":"Loyola Marymount","url":"loyola-marymount"},{"name":"LSU","url":"lsu"},{"name":"Luther","url":"luther"},{"name":"Lycoming","url":"lycoming"},{"name":"Lynchburg","url":"lynchburg"},{"name":"Lyndon St.","url":"lyndon-st"},{"name":"Lynn","url":"lynn"},{"name":"Macalester","url":"macalester"},{"name":"MacMurray","url":"macmurray"},{"name":"Maine","url":"maine"},{"name":"Maine Maritime","url":"maine-maritime"},{"name":"Malone","url":"malone"},{"name":"Manchester","url":"manchester"},{"name":"Manhattan","url":"manhattan"},{"name":"Manhattanville","url":"manhattanville"},{"name":"Mansfield","url":"mansfield"},{"name":"Maranatha Baptist","url":"maranatha-baptist"},{"name":"Marian (WI)","url":"marian-wi"},{"name":"Marietta","url":"marietta"},{"name":"Marist","url":"marist"},{"name":"Marquette","url":"marquette"},{"name":"Mars Hill","url":"mars-hill"},{"name":"Marshall","url":"marshall"},{"name":"Martin Luther","url":"martin-luther"},{"name":"Mary","url":"mary"},{"name":"Mary Baldwin","url":"mary-baldwin"},{"name":"Mary Hardin-Baylor","url":"mary-hardin-baylor"},{"name":"Mary Washington","url":"mary-washington"},{"name":"Maryland","url":"maryland"},{"name":"Marymount (VA)","url":"marymount-va"},{"name":"Maryville (MO)","url":"maryville-mo"},{"name":"Maryville (TN)","url":"maryville-tn"},{"name":"Marywood","url":"marywood"},{"name":"Mass.-Boston","url":"umass-boston"},{"name":"Mass.-Dartmouth","url":"umass-dartmouth"},{"name":"Mass.-Lowell","url":"umass-lowell"},{"name":"Mass. Maritime","url":"mass-maritime"},{"name":"Mass-Amherst ","url":"massachusetts"},{"name":"McDaniel","url":"mcdaniel"},{"name":"McKendree","url":"mckendree"},{"name":"Mass-Liberal-Arts ","url":"mcla"},{"name":"McMurry","url":"mcmurry"},{"name":"McNeese St.","url":"mcneese-st"},{"name":"Md.-East. Shore","url":"umes"},{"name":"Me.-Farmington","url":"me-farmington"},{"name":"Me.-Presque Isle","url":"me-presque-isle"},{"name":"Medaille","url":"medaille"},{"name":"Medgar Evers","url":"medgar-evers"},{"name":"Memphis","url":"memphis"},{"name":"Menlo","url":"menlo"},{"name":"Mercer","url":"mercer"},{"name":"Merchant Marine","url":"merchant-marine"},{"name":"Mercy","url":"mercy"},{"name":"Mercyhurst","url":"mercyhurst"},{"name":"Meredith","url":"meredith"},{"name":"Merrimack","url":"merrimack"},{"name":"Messiah","url":"messiah"},{"name":"Methodist","url":"methodist"},{"name":"Metro St.","url":"metro-st"},{"name":"Miami (Fla.)","url":"miami-fl"},{"name":"Miami (OH)","url":"miami-oh"},{"name":"Michigan","url":"michigan"},{"name":"Michigan St.","url":"michigan-st"},{"name":"Michigan Tech","url":"michigan-tech"},{"name":"Middle Tenn.","url":"middle-tenn"},{"name":"Middlebury","url":"middlebury"},{"name":"Midwestern St.","url":"midwestern-st"},{"name":"Miles","url":"miles"},{"name":"Millersville","url":"millersville"},{"name":"Millikin","url":"millikin"},{"name":"Mills","url":"mills"},{"name":"Millsaps","url":"millsaps"},{"name":"Milwaukee","url":"milwaukee"},{"name":"Milwaukee Engr.","url":"msoe"},{"name":"Minn.-Crookston","url":"minn-crookston"},{"name":"Minn. Duluth","url":"minn-duluth"},{"name":"Minn.-Morris","url":"minn-morris"},{"name":"Minn. St. Mankato","url":"minn-st-mankato"},{"name":"Minn. St. Moorhead","url":"minn-st-moorhead"},{"name":"Minnesota","url":"minnesota"},{"name":"Minot St.","url":"minot-st"},{"name":"Misericordia","url":"misericordia"},{"name":"Mississippi Col.","url":"mississippi-col"},{"name":"Mississippi St.","url":"mississippi-st"},{"name":"Mississippi Val.","url":"mississippi-val"},{"name":"Missouri","url":"missouri"},{"name":"Missouri S&T","url":"missouri-snt"},{"name":"Missouri St.","url":"missouri-st"},{"name":"MIT","url":"mit"},{"name":"Mitchell","url":"mitchell"},{"name":"Mo. Southern St.","url":"mo-southern-st"},{"name":"Mo.-St. Louis","url":"mo-st-louis"},{"name":"Mo. Western St.","url":"mo-western-st"},{"name":"Molloy","url":"molloy"},{"name":"Monmouth","url":"monmouth"},{"name":"Monmouth (IL)","url":"monmouth-il"},{"name":"Mont. St. Billings","url":"mont-st-billings"},{"name":"Montana","url":"montana"},{"name":"Montana St.","url":"montana-st"},{"name":"Montclair St.","url":"montclair-st"},{"name":"Montevallo","url":"montevallo"},{"name":"Moravian","url":"moravian"},{"name":"Morehead St.","url":"morehead-st"},{"name":"Morehouse","url":"morehouse"},{"name":"Morgan St.","url":"morgan-st"},{"name":"Morningside","url":"morningside"},{"name":"Morris Brown","url":"morris-brown"},{"name":"Morrisville St.","url":"morrisville-st"},{"name":"Mount Holyoke","url":"mount-holyoke"},{"name":"Mount Ida","url":"mount-ida"},{"name":"Mount Olive","url":"mount-olive"},{"name":"Mount Union","url":"mount-union"},{"name":"Mt. Aloysius","url":"mt-aloysius"},{"name":"Mt. Mary","url":"mt-mary"},{"name":"Mount St. Joseph ","url":"mt-st-joseph"},{"name":"Mt. St. Mary (NY)","url":"mt-st-mary-ny"},{"name":"Mt. St. Mary's","url":"mt-st-marys"},{"name":"Mt. St. Vincent","url":"mt-st-vincent"},{"name":"Muhlenberg","url":"muhlenberg"},{"name":"Murray St.","url":"murray-st"},{"name":"Muskingum","url":"muskingum"},{"name":"Navy","url":"navy"},{"name":"Nazareth","url":"nazareth"},{"name":"North Carolina A&T","url":"nc-at"},{"name":"North Carolina Central","url":"nc-central"},{"name":"North Carolina Wesleyan ","url":"nc-wesleyan"},{"name":"Neb.-Kearney","url":"neb-kearney"},{"name":"Omaha","url":"neb-omaha"},{"name":"Neb. Wesleyan","url":"neb-wesleyan"},{"name":"Nebraska","url":"nebraska"},{"name":"Neumann","url":"neumann"},{"name":"Nevada","url":"nevada"},{"name":"New England Col.","url":"new-england-col"},{"name":"New Hampshire","url":"new-hampshire"},{"name":"New Haven","url":"new-haven"},{"name":"New Jersey City","url":"new-jersey-city"},{"name":"New Mexico","url":"new-mexico"},{"name":"New Mexico St.","url":"new-mexico-st"},{"name":"New Orleans","url":"new-orleans"},{"name":"SUNY New Paltz","url":"suny-new-paltz"},{"name":"New Rochelle","url":"new-rochelle"},{"name":"New York U.","url":"new-york-u"},{"name":"Newberry","url":"newberry"},{"name":"Newbury","url":"newbury"},{"name":"Newman","url":"newman"},{"name":"Niagara","url":"niagara"},{"name":"Nicholls St.","url":"nicholls-st"},{"name":"Nichols","url":"nichols"},{"name":"New-Jersey-Tech","url":"njit"},{"name":"New-Mexico-Highlands ","url":"nm-highlands"},{"name":"Norfolk St.","url":"norfolk-st"},{"name":"North Ala.","url":"north-ala"},{"name":"North Carolina","url":"north-carolina"},{"name":"North Carolina St.","url":"north-carolina-st"},{"name":"North Central (IL)","url":"north-central-il"},{"name":"North Central (MN)","url":"north-central-mn"},{"name":"North Dakota","url":"north-dakota"},{"name":"North Dakota St.","url":"north-dakota-st"},{"name":"North Florida","url":"north-florida"},{"name":"North Ga.","url":"north-georgia"},{"name":"North Greenville","url":"north-greenville"},{"name":"North Park","url":"north-park"},{"name":"North Texas","url":"north-texas"},{"name":"Northeastern","url":"northeastern"},{"name":"Northeastern Ill.","url":"northeastern-ill"},{"name":"Northeastern St.","url":"northeastern-st"},{"name":"Northern Ariz.","url":"northern-ariz"},{"name":"Northern Colo.","url":"northern-colo"},{"name":"Northern Ill.","url":"northern-ill"},{"name":"Northern Ky.","url":"northern-ky"},{"name":"Northern Mich.","url":"northern-mich"},{"name":"Northern St.","url":"northern-st"},{"name":"Northland","url":"northland"},{"name":"Northwest Mo. St.","url":"northwest-mo-st"},{"name":"Northwest Nazarene","url":"northwest-nazarene"},{"name":"Northwestern","url":"northwestern"},{"name":"Northwestern-St. Paul","url":"northwestern-st-paul"},{"name":"Northwestern St.","url":"northwestern-st"},{"name":"Northwood (MI)","url":"northwood-mi"},{"name":"Norwich","url":"norwich"},{"name":"Notre Dame","url":"notre-dame"},{"name":"Notre Dame de Namur","url":"notre-dame-de-namur"},{"name":"Notre Dame (MD)","url":"notre-dame-md"},{"name":"Notre Dame (OH)","url":"notre-dame-oh"},{"name":"Nova Southeastern","url":"nova-southeastern"},{"name":"Nyack","url":"nyack"},{"name":"New-York-Inst ","url":"nyit"},{"name":"Oakland","url":"oakland"},{"name":"Oakland City","url":"oakland-city"},{"name":"Oberlin","url":"oberlin"},{"name":"Occidental","url":"occidental"},{"name":"Oglethorpe","url":"oglethorpe"},{"name":"Ohio","url":"ohio"},{"name":"Ohio Dominican","url":"ohio-dominican"},{"name":"Ohio Northern","url":"ohio-northern"},{"name":"Ohio St.","url":"ohio-st"},{"name":"Ohio Valley","url":"ohio-valley"},{"name":"Ohio Wesleyan","url":"ohio-wesleyan"},{"name":"Oklahoma Panhandle","url":"okla-panhandle"},{"name":"Oklahoma","url":"oklahoma"},{"name":"Oklahoma St.","url":"oklahoma-st"},{"name":"Old Dominion","url":"old-dominion"},{"name":"Suny-Old-Westbury ","url":"old-westbury"},{"name":"Mississippi","url":"ole-miss"},{"name":"Olivet","url":"olivet"},{"name":"SUNY Oneonta","url":"oneonta-st"},{"name":"Oral Roberts","url":"oral-roberts"},{"name":"Oregon","url":"oregon"},{"name":"Oregon State","url":"oregon-st"},{"name":"Suny-Oswego","url":"oswego-st"},{"name":"Otterbein","url":"otterbein"},{"name":"Ouachita Baptist","url":"ouachita-baptist"},{"name":"Ozarks (AR)","url":"ozarks-ar"},{"name":"Pace","url":"pace"},{"name":"Pacific","url":"pacific"},{"name":"Pacific Lutheran","url":"pacific-lutheran"},{"name":"Pacific (OR)","url":"pacific-or"},{"name":"Paine","url":"paine"},{"name":"Palm Beach Atl.","url":"palm-beach-atl"},{"name":"William Peace","url":"william-peace"},{"name":"Penn","url":"penn"},{"name":"Penn State","url":"penn-st"},{"name":"Penn St.-Abington","url":"penn-st-abington"},{"name":"Penn St.-Altoona","url":"penn-st-altoona"},{"name":"Penn St.-Behrend","url":"penn-st-behrend"},{"name":"Penn St.-Berks","url":"penn-st-berks"},{"name":"Penn St.-Harrisburg","url":"penn-st-harrisburg"},{"name":"Pepperdine","url":"pepperdine"},{"name":"Pfeiffer","url":"pfeiffer"},{"name":"Cairn","url":"cairn"},{"name":"Philadelphia Univ.","url":"philadelphia-u"},{"name":"Piedmont","url":"piedmont"},{"name":"Pine Manor","url":"pine-manor"},{"name":"Pitt.-Bradford","url":"pitt-bradford"},{"name":"Pitt.-Greensburg","url":"pitt-greensburg"},{"name":"Pitt.-Johnstown","url":"pitt-johnstown"},{"name":"Pittsburg State","url":"pittsburg-st"},{"name":"Pittsburgh","url":"pittsburgh"},{"name":"Plattsburgh State","url":"plattsburgh-st"},{"name":"Plymouth St.","url":"plymouth-st"},{"name":"NYU Poly","url":"polytechnic-ny"},{"name":"Pomona-Pitzer","url":"pomona-pitzer"},{"name":"Portland","url":"portland"},{"name":"Portland St.","url":"portland-st"},{"name":"Post","url":"post"},{"name":"P.R.-Bayamon","url":"pr-bayamon"},{"name":"P.R.-Cayey","url":"pr-cayey"},{"name":"P.R.-Humacao","url":"pr-humacao"},{"name":"P.R.-Mayaguez","url":"pr-mayaguez"},{"name":"P.R.-Rio Piedras","url":"pr-rio-piedras"},{"name":"Prairie View","url":"prairie-view"},{"name":"Presbyterian","url":"presbyterian"},{"name":"Presentation","url":"presentation"},{"name":"Princeton","url":"princeton"},{"name":"Principia","url":"principia"},{"name":"Providence","url":"providence"},{"name":"Puget Sound","url":"puget-sound"},{"name":"Purchase","url":"purchase-st"},{"name":"Purdue","url":"purdue"},{"name":"Queens (NC)","url":"queens-nc"},{"name":"Queens (NY)","url":"queens-ny"},{"name":"Quincy","url":"quincy"},{"name":"Quinnipiac","url":"quinnipiac"},{"name":"Radford","url":"radford"},{"name":"Ramapo","url":"ramapo"},{"name":"Randolph","url":"randolph"},{"name":"Randolph-Macon","url":"randolph-macon"},{"name":"Redlands","url":"redlands"},{"name":"Regis (CO)","url":"regis-co"},{"name":"Regis College","url":"regis-ma"},{"name":"Reneau University","url":"reneau-university"},{"name":"Rensselaer","url":"rensselaer"},{"name":"Rhode Island","url":"rhode-island"},{"name":"Rhode Island Col.","url":"rhode-island-col"},{"name":"Rhodes","url":"rhodes"},{"name":"Rice","url":"rice"},{"name":"Stockton","url":"richard-stockton"},{"name":"Richmond","url":"richmond"},{"name":"Rider","url":"rider"},{"name":"Ripon","url":"ripon"},{"name":"Rivier","url":"rivier"},{"name":"Roanoke","url":"roanoke"},{"name":"Robert Morris","url":"robert-morris"},{"name":"Rochester Inst.","url":"rochester-inst"},{"name":"Rochester (NY)","url":"rochester-ny"},{"name":"Rockford","url":"rockford"},{"name":"Rockhurst","url":"rockhurst"},{"name":"Roger Williams","url":"roger-williams"},{"name":"Rollins","url":"rollins"},{"name":"Rose-Hulman","url":"rose-hulman"},{"name":"Rosemont","url":"rosemont"},{"name":"Rowan","url":"rowan"},{"name":"Rust","url":"rust"},{"name":"Rutgers","url":"rutgers"},{"name":"Rutgers-Camden","url":"rutgers-camden"},{"name":"Rutgers-Newark","url":"rutgers-newark"},{"name":"Sacramento St.","url":"sacramento-st"},{"name":"Sacred Heart","url":"sacred-heart"},{"name":"Sage Colleges","url":"sage-colleges"},{"name":"Saginaw Valley","url":"saginaw-valley"},{"name":"Salem","url":"salem"},{"name":"Salem Int'l","url":"salem-intl"},{"name":"Salem St.","url":"salem-st"},{"name":"Salisbury","url":"salisbury"},{"name":"Salve Regina","url":"salve-regina"},{"name":"Sam Houston St.","url":"sam-houston-st"},{"name":"Samford","url":"samford"},{"name":"San Diego","url":"san-diego"},{"name":"San Diego St.","url":"san-diego-st"},{"name":"San Fran. St.","url":"san-fran-st"},{"name":"San Francisco","url":"san-francisco"},{"name":"San Jose St.","url":"san-jose-st"},{"name":"Santa Clara","url":"santa-clara"},{"name":"Savannah St.","url":"savannah-st"},{"name":"South-Carolina-Aiken","url":"sc-aiken"},{"name":"South-Carolina-Upstate","url":"usc-upstate"},{"name":"SCAD","url":"scad"},{"name":"Schreiner","url":"schreiner"},{"name":"Scranton","url":"scranton"},{"name":"Seattle","url":"seattle"},{"name":"Seattle Pacific","url":"seattle-pacific"},{"name":"Seton Hall","url":"seton-hall"},{"name":"Seton Hill","url":"seton-hill"},{"name":"Sewanee","url":"sewanee"},{"name":"Shaw","url":"shaw"},{"name":"Shenandoah","url":"shenandoah"},{"name":"Shepherd","url":"shepherd"},{"name":"Shippensburg","url":"shippensburg"},{"name":"Siena","url":"siena"},{"name":"Simmons","url":"simmons"},{"name":"Simon Fraser","url":"simon-fraser"},{"name":"Simpson","url":"simpson"},{"name":"Sioux Falls","url":"sioux-falls"},{"name":"SIUE","url":"siu-edwardsville"},{"name":"Skidmore","url":"skidmore"},{"name":"Slippery Rock","url":"slippery-rock"},{"name":"Smith","url":"smith"},{"name":"SMU","url":"smu"},{"name":"Sonoma St.","url":"sonoma-st"},{"name":"South Ala.","url":"south-ala"},{"name":"South Carolina","url":"south-carolina"},{"name":"South Carolina St.","url":"south-carolina-st"},{"name":"South Dakota","url":"south-dakota"},{"name":"South Dakota Mines","url":"south-dakota-mines"},{"name":"South Dakota St.","url":"south-dakota-st"},{"name":"South Fla.","url":"south-fla"},{"name":"Southampton","url":"southampton"},{"name":"Southeast Mo. St.","url":"southeast-mo-st"},{"name":"Southeastern La.","url":"southeastern-la"},{"name":"Southeastern Okla.","url":"southeastern-okla"},{"name":"Southern Ark.","url":"southern-ark"},{"name":"Southern California","url":"southern-california"},{"name":"Southern Conn. St.","url":"southern-conn-st"},{"name":"Southern Ill.","url":"southern-ill"},{"name":"Southern Ind.","url":"southern-ind"},{"name":"Southern Me.","url":"southern-me"},{"name":"Southern Miss.","url":"southern-miss"},{"name":"Southern N.H.","url":"southern-nh"},{"name":"Southern U.","url":"southern-u"},{"name":"Southern Utah","url":"southern-utah"},{"name":"Southern Vt.","url":"southern-vt"},{"name":"Southwest Baptist","url":"southwest-baptist"},{"name":"Southwest Minn. St.","url":"southwest-minn-st"},{"name":"Southwestern Okla.","url":"southwestern-okla"},{"name":"Southwestern (TX)","url":"southwestern-tx"},{"name":"Spalding","url":"spalding"},{"name":"Spelman","url":"spelman"},{"name":"Springfield","url":"springfield"},{"name":"St. Andrews","url":"st-andrews"},{"name":"St. Anselm","url":"st-anselm"},{"name":"St. Augustine's","url":"st-augustines"},{"name":"Saint Benedict","url":"st-benedict"},{"name":"St. Bonaventure","url":"st-bonaventure"},{"name":"St. Catherine","url":"st-catherine"},{"name":"St. Cloud State","url":"st-cloud-st"},{"name":"St. Edward's","url":"st-edwards"},{"name":"St. Elizabeth","url":"st-elizabeth"},{"name":"St. Francis (IL)","url":"st-francis-il"},{"name":"St. Francis Brooklyn","url":"st-francis-brooklyn"},{"name":"St. Francis (PA)","url":"saint-francis-pa"},{"name":"St. John Fisher","url":"st-john-fisher"},{"name":"St. John's (MN)","url":"saint-johns-mn"},{"name":"St. John's (NY)","url":"st-johns-ny"},{"name":"St. Joseph (CT)","url":"st-joseph-ct"},{"name":"St. Joseph's","url":"saint-josephs"},{"name":"St. Joseph's (Brkln)","url":"st-josephs-brkln"},{"name":"St. Joseph's (IN)","url":"st-josephs-in"},{"name":"St. Joseph's (L.I.)","url":"st-josephs-li"},{"name":"St. Joseph's (Me.)","url":"st-josephs-me"},{"name":"St. Lawrence","url":"st-lawrence"},{"name":"St. Leo","url":"saint-leo"},{"name":"St. Louis","url":"saint-louis"},{"name":"Saint-Martins ","url":"saint-martins"},{"name":"Saint-Mary's (CA)","url":"st-marys-ca"},{"name":"Saint-Mary's (IN)","url":"st-marys-in"},{"name":"Saint-Mary's (MD)","url":"st-marys-md"},{"name":"Saint Mary's (Minn.)","url":"st-marys-mn"},{"name":"St. Mary's (TX)","url":"st-marys-tx"},{"name":"St. Michael's","url":"saint-michaels"},{"name":"St. Norbert","url":"st-norbert"},{"name":"St. Olaf","url":"st-olaf"},{"name":"St. Paul's","url":"st-pauls"},{"name":"Saint Peter's ","url":"saint-peters"},{"name":"St. Rose","url":"saint-rose"},{"name":"St. Scholastica","url":"st-scholastica"},{"name":"St. Thomas Aquinas","url":"st-thomas-aquinas"},{"name":"St. Thomas (FL)","url":"st-thomas-fl"},{"name":"St. Thomas (MN)","url":"st-thomas-mn"},{"name":"St. Vincent","url":"saint-vincent"},{"name":"Stanford","url":"stanford"},{"name":"Staten Island","url":"staten-island"},{"name":"Stephen F. Austin","url":"stephen-f-austin"},{"name":"Stephens","url":"stephens"},{"name":"Stetson","url":"stetson"},{"name":"Stevens Institute of Technology ","url":"stevens"},{"name":"Stevenson","url":"stevenson"},{"name":"Stillman","url":"stillman"},{"name":"Stonehill","url":"stonehill"},{"name":"Stony Brook","url":"stony-brook"},{"name":"Suffolk","url":"suffolk"},{"name":"Sul Ross St.","url":"sul-ross-st"},{"name":"SUNY Cortland","url":"suny-cortland"},{"name":"SUNY Geneseo","url":"suny-geneseo"},{"name":"SUNY Maritime","url":"suny-maritime"},{"name":"SUNY Potsdam","url":"suny-potsdam"},{"name":"SUNY Poly","url":"sunyit"},{"name":"Susquehanna","url":"susquehanna"},{"name":"Swarthmore","url":"swarthmore"},{"name":"Sweet Briar","url":"sweet-briar"},{"name":"Syracuse","url":"syracuse"},{"name":"Tampa","url":"tampa"},{"name":"Tarleton St.","url":"tarleton-st"},{"name":"TCNJ","url":"tcnj"},{"name":"TCU","url":"tcu"},{"name":"Temple","url":"temple"},{"name":"Tennessee","url":"tennessee"},{"name":"Tennessee St.","url":"tennessee-st"},{"name":"Tennessee Tech","url":"tennessee-tech"},{"name":"Tex. A&M-Commerce","url":"tex-am-commerce"},{"name":"Tex. A&M Int'l","url":"tex-am-intl"},{"name":"Tex. A&M-Kingsville","url":"tex-am-kingsville"},{"name":"Tex.-Rio Grande Valley ","url":"utrgv"},{"name":"Tex. Permian Basin","url":"tex-permian-basin"},{"name":"Texas","url":"texas"},{"name":"Texas A&M","url":"texas-am"},{"name":"Texas-Arlington","url":"texas-arlington"},{"name":"Texas-Dallas","url":"texas-dallas"},{"name":"Texas Lutheran","url":"texas-lutheran"},{"name":"Texas Southern","url":"texas-southern"},{"name":"Texas St.","url":"texas-st"},{"name":"Texas Tech","url":"texas-tech"},{"name":"Texas-Tyler","url":"texas-tyler"},{"name":"Texas Wesleyan","url":"texas-wesleyan"},{"name":"Texas Woman's","url":"texas-womans"},{"name":"Thiel","url":"thiel"},{"name":"Thomas (ME)","url":"thomas-me"},{"name":"Thomas More","url":"thomas-more"},{"name":"Tiffin","url":"tiffin"},{"name":"Toledo","url":"toledo"},{"name":"Towson","url":"towson"},{"name":"Transylvania","url":"transylvania"},{"name":"Trine","url":"trine"},{"name":"Trinity (CT)","url":"trinity-ct"},{"name":"Trinity Washington","url":"trinity-washington"},{"name":"Trinity (TX)","url":"trinity-tx"},{"name":"Troy","url":"troy"},{"name":"Truman","url":"truman"},{"name":"Tufts","url":"tufts"},{"name":"Tulane","url":"tulane"},{"name":"Tulsa","url":"tulsa"},{"name":"Tusculum","url":"tusculum"},{"name":"Tuskegee","url":"tuskegee"},{"name":"New-England ","url":"u-new-england"},{"name":"UAB","url":"uab"},{"name":"Little-Rock ","url":"ualr"},{"name":"Colo-Springs","url":"uc-colo-springs"},{"name":"UC Davis","url":"uc-davis"},{"name":"UC Irvine","url":"uc-irvine"},{"name":"UC Riverside","url":"uc-riverside"},{"name":"UC San Diego","url":"uc-san-diego"},{"name":"UC Santa Barbara","url":"uc-santa-barbara"},{"name":"UC Santa Cruz","url":"uc-santa-cruz"},{"name":"Central Florida","url":"ucf"},{"name":"UCLA","url":"ucla"},{"name":"Maryland-Baltimore-County ","url":"umbc"},{"name":"UMKC","url":"umkc"},{"name":"UNC Asheville","url":"unc-asheville"},{"name":"UNC Greensboro","url":"unc-greensboro"},{"name":"UNC Pembroke","url":"unc-pembroke"},{"name":"UNCW","url":"unc-wilmington"},{"name":"Northern Iowa","url":"uni"},{"name":"Union (NY)","url":"union-ny"},{"name":"UNLV","url":"unlv"},{"name":"Upper Iowa","url":"upper-iowa"},{"name":"Urbana University","url":"urbana"},{"name":"Ursinus","url":"ursinus"},{"name":"Ursuline","url":"ursuline"},{"name":"University of the Sciences","url":"usciences"},{"name":"Tenn-Martin","url":"ut-martin"},{"name":"Utah","url":"utah"},{"name":"Utah St.","url":"utah-st"},{"name":"Utah Valley","url":"utah-valley"},{"name":"UTEP","url":"utep"},{"name":"Utica","url":"utica"},{"name":"UTSA","url":"utsa"},{"name":"Virg-Wesleyan","url":"va-wesleyan"},{"name":"Valdosta St.","url":"valdosta-st"},{"name":"Valparaiso","url":"valparaiso"},{"name":"Vanderbilt","url":"vanderbilt"},{"name":"Vassar","url":"vassar"},{"name":"VCU","url":"vcu"},{"name":"Vermont","url":"vermont"},{"name":"Villanova","url":"villanova"},{"name":"Virginia","url":"virginia"},{"name":"Virginia St.","url":"virginia-st"},{"name":"Virginia Tech","url":"virginia-tech"},{"name":"Virginia Union","url":"virginia-union"},{"name":"VMI","url":"vmi"},{"name":"Wabash","url":"wabash"},{"name":"Wagner","url":"wagner"},{"name":"Wake Forest","url":"wake-forest"},{"name":"Walsh","url":"walsh"},{"name":"Wartburg","url":"wartburg"},{"name":"Wash. & Jeff.","url":"wash-jeff"},{"name":"Wash. & Lee","url":"wash-lee"},{"name":"Washburn","url":"washburn"},{"name":"Washington","url":"washington"},{"name":"Washington Adventist","url":"washington-adventist"},{"name":"Washington Col.","url":"washington-col"},{"name":"Washington St.","url":"washington-st"},{"name":"Washington-St. Louis","url":"washington-st-louis"},{"name":"Wayne St. (MI)","url":"wayne-st-mi"},{"name":"Wayne St. (NE)","url":"wayne-st-ne"},{"name":"Waynesburg","url":"waynesburg"},{"name":"Weber St.","url":"weber-st"},{"name":"Webster","url":"webster"},{"name":"Wellesley","url":"wellesley"},{"name":"Wells","url":"wells"},{"name":"Wentworth Inst.","url":"wentworth"},{"name":"Wesley","url":"wesley"},{"name":"Wesleyan (CT)","url":"wesleyan-ct"},{"name":"Wesleyan (GA)","url":"wesleyan-ga"},{"name":"West Ala.","url":"west-ala"},{"name":"West Chester","url":"west-chester"},{"name":"West Fla.","url":"west-florida"},{"name":"West Ga.","url":"west-ga"},{"name":"West Liberty","url":"west-liberty"},{"name":"West Tex. A&M","url":"west-tex-am"},{"name":"West Va. Tech","url":"west-va-tech"},{"name":"West Va. Wesleyan","url":"west-va-wesleyan"},{"name":"West Virginia","url":"west-virginia"},{"name":"West Virginia St.","url":"west-virginia-st"},{"name":"Western Caro.","url":"western-caro"},{"name":"Western Conn. St.","url":"western-conn-st"},{"name":"Western Ill.","url":"western-ill"},{"name":"Western Ky.","url":"western-ky"},{"name":"Western Mich.","url":"western-mich"},{"name":"Western New Eng.","url":"western-new-eng"},{"name":"Western N.M.","url":"western-nm"},{"name":"Western Ore.","url":"western-ore"},{"name":"Western St.","url":"western-st"},{"name":"Western Wash.","url":"western-wash"},{"name":"Westfield St.","url":"westfield-st"},{"name":"Westminster (MO)","url":"westminster-mo"},{"name":"Westminster (PA)","url":"westminster-pa"},{"name":"Wheaton (IL)","url":"wheaton-il"},{"name":"Wheaton (MA)","url":"wheaton-ma"},{"name":"Wheeling Jesuit","url":"wheeling-jesuit"},{"name":"Wheelock","url":"wheelock"},{"name":"Whitman","url":"whitman"},{"name":"Whittier","url":"whittier"},{"name":"Whitworth","url":"whitworth"},{"name":"Wichita St.","url":"wichita-st"},{"name":"Widener","url":"widener"},{"name":"Wilkes","url":"wilkes"},{"name":"Willamette","url":"willamette"},{"name":"William & Mary","url":"william-mary"},{"name":"William Jewell","url":"william-jewell"},{"name":"William Penn","url":"william-penn"},{"name":"William Smith","url":"william-smith"},{"name":"Williams","url":"williams"},{"name":"Wilmington (DE)","url":"wilmington-de"},{"name":"Wilmington (OH)","url":"wilmington-oh"},{"name":"Wilson","url":"wilson"},{"name":"Wingate","url":"wingate"},{"name":"Winona St.","url":"winona-st"},{"name":"Winston-Salem","url":"winston-salem"},{"name":"Winthrop","url":"winthrop"},{"name":"Wis.-Eau Claire","url":"wis-eau-claire"},{"name":"Wis.-La Crosse","url":"wis-la-crosse"},{"name":"Wis. Lutheran","url":"wis-lutheran"},{"name":"Wis.-Oshkosh","url":"wis-oshkosh"},{"name":"Wis.-Parkside","url":"wis-parkside"},{"name":"Wis.-Platteville","url":"wis-platteville"},{"name":"Wis.-River Falls","url":"wis-river-falls"},{"name":"Wis.-Stevens Point","url":"wis-stevens-point"},{"name":"Wis.-Stout","url":"wis-stout"},{"name":"Youngstown St.","url":"youngstown-st"},{"name":"York (PA)","url":"york-pa"},{"name":"York (NY)","url":"york-ny"},{"name":"Yeshiva","url":"yeshiva"},{"name":"Yale","url":"yale"},{"name":"Xavier","url":"xavier"},{"name":"William Paterson","url":"wm-paterson"},{"name":"Wittenberg","url":"wittenberg"},{"name":"Wisconsin","url":"wisconsin"},{"name":"Wis.-Whitewater","url":"wis-whitewater"},{"name":"Wofford","url":"wofford"},{"name":"Wooster","url":"wooster"},{"name":"Wyoming","url":"wyoming"},{"name":"Wright St.","url":"wright-st"},{"name":"WPI","url":"wpi"},{"name":"Worcester St.","url":"worcester-st"},{"name":"Wis.-Superior","url":"wis-superior"}]