Team,Week 4,Week 5,Week 6,Week 7,Week 8,Week 9,Week 10,Week 11,Week 12,Week 13,Week 14,Week 15,Week 16
Air Force,97,94,108,111,106,90,74,80,91,96,84,85,85
Akron,111,105,91,84,71,75,68,59,74,65,61,65,64
Alabama,8,5,2,3,3,2,2,1,1,1,6,6,6
Appalachian State,53,81,86,66,58,48,64,68,61,68,56,44,44
Arizona,67,98,96,71,42,35,22,34,32,42,55,55,55
Arizona State,94,58,77,81,41,33,48,39,56,49,38,38,38
Arkansas,90,108,81,97,104,109,85,78,86,97,103,101,101
Arkansas State,109,115,113,96,84,61,50,50,60,58,47,57,57
Army West Point,56,79,74,65,57,42,42,36,30,34,36,35,29
Auburn,54,24,11,11,18,17,17,12,9,9,7,10,10
Ball State,68,90,101,103,109,108,112,114,115,118,120,120,120
Baylor,123,117,122,124,124,128,130,123,125,127,128,128,128
Boise State,47,86,88,70,44,38,32,30,26,23,28,28,28
Boston College,117,107,95,101,83,57,44,44,57,50,40,41,41
Bowling Green,116,116,118,102,112,114,113,107,112,109,114,114,114
Buffalo,93,67,57,77,85,93,95,100,90,81,75,75,75
BYU,113,111,111,112,117,122,120,120,114,116,108,109,109
California,21,34,59,74,37,60,77,67,70,80,90,90,90
Central Mich.,103,106,114,94,97,87,83,70,59,57,52,52,52
Charlotte,119,122,119,122,123,118,116,119,121,123,123,123,123
Cincinnati,62,83,92,95,105,110,111,98,107,112,104,105,105
Clemson,1,1,1,1,7,9,7,5,4,5,3,1,1
Coastal Caro.,65,73,93,100,110,115,121,121,122,120,117,112,112
Colorado,39,49,75,91,86,92,72,85,88,91,98,96,96
Colorado State,86,88,73,57,51,45,60,61,68,66,66,66,65
Duke,15,15,27,50,74,89,92,99,103,82,70,69,69
East Carolina,126,100,104,113,114,107,109,112,118,107,110,111,111
Eastern Mich.,32,53,80,87,91,102,104,96,97,86,81,81,81
FIU,57,55,50,69,54,54,40,35,49,54,43,40,40
Florida,61,30,22,39,66,63,73,94,101,83,96,95,95
Florida Atlantic,80,96,78,64,67,50,41,37,35,30,26,22,22
Florida State,87,113,53,80,52,73,87,77,79,77,69,62,61
Fresno State,89,91,72,63,56,37,52,46,44,35,29,34,35
Ga. Southern,99,127,128,126,122,127,124,125,124,121,113,119,119
Georgia,11,2,4,4,1,3,1,2,6,4,2,2,2
Georgia State,104,82,87,73,62,67,62,53,51,47,60,73,73
Georgia Tech,98,54,40,40,60,36,49,63,50,67,76,76,76
Hawaii,85,93,98,108,101,99,103,108,110,113,115,115,115
Houston,28,65,41,26,61,64,47,40,42,53,41,42,42
Idaho,100,75,79,93,102,113,101,106,106,108,111,100,100
Illinois,52,56,97,110,119,123,122,124,126,125,126,126,126
Indiana,35,35,54,52,75,81,98,105,94,75,88,89,89
Iowa,7,27,42,35,35,53,39,23,36,45,37,37,37
Iowa State,46,45,85,36,34,25,20,29,41,39,45,46,46
Kansas,74,104,105,119,125,125,127,130,130,130,130,130,130
Kansas State,88,89,71,90,100,100,84,65,78,63,49,49,49
Kent State,81,103,110,106,99,105,107,113,116,117,119,118,118
Kentucky,10,43,37,24,25,40,33,48,38,43,58,58,58
La.-Lafayette,127,126,125,104,94,103,102,93,105,88,97,98,98
La.-Monroe,102,69,63,56,76,85,91,79,76,92,93,103,103
Louisiana Tech,64,85,69,82,82,88,76,89,92,85,78,78,78
Louisville,38,33,33,51,72,52,69,62,53,41,33,32,33
LSU,71,51,62,46,29,21,21,31,27,22,17,17,17
Marshall,63,64,44,44,31,26,38,47,40,46,59,59,59
Maryland,29,37,25,41,63,68,55,74,83,95,99,97,97
Massachusetts,129,130,130,130,130,119,114,115,111,101,101,104,104
Memphis,20,26,36,28,23,19,14,14,14,14,13,14,14
Miami (Fla.),44,19,9,8,6,8,8,4,2,2,8,12,12
Miami (Ohio),107,92,99,109,115,106,108,109,99,102,91,91,91
Michigan,26,11,10,25,17,30,27,20,17,24,30,29,30
Michigan State,36,63,34,18,14,12,24,15,22,21,18,18,18
Middle Tenn.,121,99,100,83,88,96,94,95,77,89,80,80,80
Minnesota,31,25,67,89,96,80,88,103,80,94,95,94,94
Mississippi,82,87,89,98,80,86,106,84,71,84,71,70,70
Mississippi State,3,21,39,38,32,23,15,16,21,19,31,30,31
Missouri,125,124,121,125,118,111,96,81,64,56,44,45,45
Navy,14,16,18,17,26,34,35,49,39,48,63,61,68
NC State,50,31,26,15,11,11,23,32,23,32,32,31,32
Nebraska,73,57,45,58,78,72,57,64,82,93,102,99,99
Nevada,101,112,112,99,111,117,115,116,113,110,105,106,106
New Mexico,91,70,56,62,79,82,86,102,109,111,112,113,113
New Mexico State,83,74,106,105,98,97,105,97,96,99,89,83,83
North Carolina,96,120,126,127,129,130,129,128,120,115,116,116,116
North Texas,115,77,55,61,45,59,51,43,45,33,35,36,36
Northwestern,72,76,83,92,77,51,34,28,24,18,19,19,19
Notre Dame,19,6,8,10,9,4,3,3,7,8,14,13,13
Ohio,75,59,46,54,46,43,43,38,31,38,42,43,43
Ohio State,30,23,16,14,10,10,6,17,10,12,9,7,7
Oklahoma,5,14,12,29,21,14,10,8,5,6,4,3,3
Oklahoma State,17,36,23,23,24,20,12,18,13,25,22,24,24
Old Dominion,110,110,109,107,113,116,119,111,98,90,94,93,93
Oregon,24,42,29,45,65,79,66,66,69,55,50,50,50
Oregon State,122,123,120,118,126,124,125,129,129,129,129,129,129
Penn State,9,7,5,2,2,1,4,11,11,11,10,9,9
Pittsburgh,95,118,103,114,116,104,82,87,104,105,86,87,87
Purdue,27,48,51,32,48,76,90,86,93,73,64,63,62
Rice,112,109,123,123,120,120,123,122,123,124,125,125,125
Rutgers,92,121,116,116,108,83,93,82,89,104,107,108,108
San Diego State,4,8,15,13,19,29,28,24,28,26,21,23,23
San Jose State,128,128,129,128,128,129,128,127,128,128,124,124,124
SMU,51,38,32,48,47,39,36,42,55,62,54,54,54
South Alabama,108,114,115,115,95,84,89,104,87,100,100,102,102
South Carolina,34,28,47,33,30,28,26,33,29,27,34,33,34
South Florida,37,22,19,19,15,13,25,21,20,20,25,27,27
Southern Miss,60,62,76,60,59,46,59,75,65,64,53,53,53
Stanford,78,44,31,22,12,15,18,25,19,16,16,16,16
Syracuse,66,84,94,78,40,56,61,72,85,98,106,107,107
TCU,16,3,6,5,4,5,13,9,15,13,15,15,15
Temple,58,71,90,76,93,98,97,83,67,74,73,72,72
Tennessee,76,61,70,72,87,91,99,88,100,103,109,110,110
Texas,106,102,58,37,53,66,65,69,63,51,67,67,66
Texas A&M,59,41,24,31,28,27,45,55,52,40,48,48,48
Texas State,118,119,117,121,121,121,118,118,119,122,122,122,122
Texas Tech,13,9,30,27,50,69,75,92,75,87,77,77,77
Toledo,40,50,52,42,36,32,30,27,37,31,27,25,25
Troy,45,39,20,20,33,31,31,26,25,28,24,20,20
Tulane,84,60,61,53,69,77,80,101,84,72,83,84,84
Tulsa,70,97,107,117,103,112,117,117,117,119,121,121,121
UAB,69,78,84,67,55,71,58,51,46,61,57,56,56
UCF,6,10,3,6,8,7,9,7,8,7,5,4,4
UCLA,42,66,43,47,73,47,63,76,58,70,62,60,60
UConn,114,125,124,120,107,94,110,110,108,114,118,117,117
UNI,49,52,66,59,43,44,37,45,43,37,39,39,39
UNLV,48,72,64,79,89,101,79,73,81,76,87,88,88
USC,2,4,17,21,13,24,19,13,12,10,11,8,8
Utah,41,20,21,34,49,70,81,60,72,78,72,71,71
Utah State,105,80,68,85,90,78,78,71,73,69,79,79,79
UTEP,130,129,127,129,127,126,126,126,127,126,127,127,127
UTSA,43,40,38,55,70,58,54,58,66,60,74,74,74
Vanderbilt,18,32,65,75,92,95,100,91,102,106,92,92,92
Virginia,79,47,49,30,27,49,70,54,62,71,82,82,82
Virginia Tech,25,17,28,16,16,16,11,19,34,29,20,21,21
Wake Forest,12,13,35,43,38,65,46,56,48,36,46,47,47
Washington,22,12,14,12,20,22,16,10,18,15,12,11,11
Washington State,33,29,13,7,22,18,29,22,16,17,23,26,26
West Virginia,55,46,48,68,39,41,56,41,33,44,51,51,51
Western Ky.,124,101,102,88,81,62,71,90,95,79,85,86,86
Western Mich.,77,68,60,49,64,55,53,57,54,59,68,68,67
Wisconsin,23,18,7,9,5,6,5,6,3,3,1,5,5
Wyoming,120,95,82,86,68,74,67,52,47,52,65,64,63